{
    "1803::CASTALLA": [
        -0.6702617,
        38.5957233
    ],
    "1802::CASTALLA": [
        -0.6702617,
        38.5957233
    ],
    "1804::IBI": [
        -0.5730513,
        38.623288
    ],
    "1806::ERMITA (LA)": [
        -2.7306184,
        40.8137502
    ],
    "1809::ORXETA": [
        -0.2614226,
        38.5634477
    ],
    "1801::ELDA": [
        -0.7956759,
        38.4789671
    ],
    "1808::BIAR": [
        -0.7646666,
        38.6305367
    ],
    "1811::AIGÜES": [
        -0.3634258,
        38.500265
    ],
    "1804::03079000199*DISEMINADO*": [
        0.0,
        0.0
    ],
    "1800::ATALAYA (LA)": [
        -6.4140467,
        40.5030788
    ],
    "1812::XIXONA": [
        -0.5075903,
        38.5392703
    ],
    "1805::VILLAJOYOSA/VILA JOIOSA (LA)": [
        -0.2296202,
        38.5100778
    ],
    "1813::XIXONA": [
        -0.5075903,
        38.5392703
    ],
    "1811::RESIDENCIAL BALNEARIO DE AIGÜES": [
        0.0,
        0.0
    ],
    "1828::CAMPO DE MIRRA/CAMP DE MIRRA (EL)": [
        -0.4958201,
        38.3585397
    ],
    "1829::ONIL": [
        -0.6740951,
        38.6298061
    ],
    "1800::CUESTA DE LA GRAMA": [
        -15.492949,
        28.0308308
    ],
    "1811::URBANIZACIÓN SIERRA MARINA": [
        -3.8983354,
        43.4721788
    ],
    "1832::SALINAS": [
        -0.913229,
        38.519755
    ],
    "1833::SAX": [
        -0.818913,
        38.5350323
    ],
    "1800::GOTERAS (LAS)": [
        -4.1218579,
        38.4059941
    ],
    "1800::RASO (EL)": [
        -5.3395827,
        40.1705115
    ],
    "1835::LOMAS (LAS)": [
        -5.571083,
        40.0113904
    ],
    "1841::POBLA (SA)": [
        3.0246803,
        39.7697409
    ],
    "1842::ALCÚDIA": [
        3.1212505,
        39.8532473
    ],
    "1800::VINCO (EL)": [
        -15.4764002,
        28.0289878
    ],
    "1842::MARINA MANRESA": [
        3.1290638,
        39.8655325
    ],
    "1843::MAL PAS - BONAIRE": [
        3.1398551,
        39.8631086
    ],
    "1844::PORT D'ALCÚDIA": [
        3.1329813,
        39.8419877
    ],
    "1842::PLATJA D'ALCÚDIA": [
        3.1150456,
        39.8316751
    ],
    "1848::BARX": [
        -0.302021,
        39.0148124
    ],
    "1845::MURTA (LA)": [
        -0.3610642,
        39.1289149
    ],
    "1842::PORT D'ALCÚDIA": [
        3.1329813,
        39.8419877
    ],
    "1852::CARRASCA (LA)": [
        -0.3414774,
        39.4793012
    ],
    "1853::ARCO (EL)": [
        -5.8244943,
        41.1100862
    ],
    "1854::ALTERNATIVA UNO": [
        -15.4890008,
        28.0415739
    ],
    "1853::CADENAS (LAS)": [
        -3.3686329,
        38.0081161
    ],
    "1854::ALVARADOS (LOS)": [
        -15.4784709,
        28.0431893
    ],
    "1855::LOMO ESPINO (EL)": [
        -15.5045039,
        28.1241369
    ],
    "1853::CASTAÑO ALTO (EL)": [
        -15.4998746,
        28.028149
    ],
    "1862::FERNANDINA (LA)": [
        -3.5611138,
        38.228596
    ],
    "1854::BEBEDERO (EL)": [
        -16.5087803,
        28.3751365
    ],
    "1853::CASTAÑO BAJO (EL)": [
        -15.5002569,
        28.0302304
    ],
    "1862::ISABELA (LA)": [
        -2.6873466,
        40.4304612
    ],
    "1863::NAVAS DE TOLOSA": [
        -3.5867366,
        38.2856077
    ],
    "1854::COLEGIO (EL)": [
        -15.4779711,
        28.0520955
    ],
    "1853::CRUCE LA ATALAYA": [
        -15.4886722,
        28.0351711
    ],
    "1869::SAN ANDRÉS DEL RABANEDO": [
        -5.6168662,
        42.6112327
    ],
    "1870::BARRIO DE PINILLA": [
        -5.594255,
        42.6055219
    ],
    "1854::ESTANCO (EL)": [
        -2.0284092,
        36.8744575
    ],
    "1853::GAMONAL BAJO (EL)": [
        -15.5035282,
        28.0220319
    ],
    "1870::SAN ANDRÉS DEL RABANEDO": [
        -5.6168662,
        42.6112327
    ],
    "1854::FUENTE LOS BERROS": [
        -15.4787884,
        28.038804
    ],
    "1870::VILLABALTER": [
        -5.6186768,
        42.6219703
    ],
    "1853::MOLINO (EL)": [
        2.1672449,
        41.3745513
    ],
    "1854::LENTISCOS (LOS)": [
        -15.4774416,
        28.0497285
    ],
    "1853::MONTAÑETA (LA)": [
        -0.488257,
        38.344824
    ],
    "1854::MOCANAL (EL)": [
        -17.9428265,
        27.8210684
    ],
    "1853::MONTEBRAVO": [
        -15.4859627,
        28.03716
    ],
    "1874::TORTAJADA": [
        -1.1679653,
        40.0122931
    ],
    "1854::MONTE LENTISCAL": [
        -15.4744486,
        28.0447469
    ],
    "1876::VILLALBA BAJA": [
        -1.0772375,
        40.4232399
    ],
    "1853::PALMAREJO (EL)": [
        -15.5016681,
        28.0405533
    ],
    "1883::CASAS DE LA PEÑA": [
        -1.5260276,
        38.6776331
    ],
    "1854::OLIVOS (LOS)": [
        -3.4414457,
        37.4292102
    ],
    "1884::VENTAS DE ALCOLEA": [
        -2.4413044,
        39.2788402
    ],
    "1853::PALMERAL (EL)": [
        -0.5136843,
        38.3223367
    ],
    "1854::REVENTÓN (EL)": [
        -3.9435111,
        40.9076415
    ],
    "1853::PLAZA DOÑA LUISA": [
        -15.487855,
        28.0379384
    ],
    "1854::35021001099*DISEMINADO*": [
        0.0,
        0.0
    ],
    "1891::ALMERIMAR": [
        -2.8074558,
        36.707867
    ],
    "1890::EJIDO (EL)": [
        -2.8124886,
        36.7743863
    ],
    "1853::SAN JOSÉ DE LAS VEGAS": [
        -15.4915156,
        28.033391
    ],
    "1885::OSSA DE MONTIEL": [
        -2.7453748,
        38.9625266
    ],
    "1886::OSSA DE MONTIEL": [
        -2.7453748,
        38.9625266
    ],
    "1888::SISANTE": [
        -2.2028088,
        39.4075687
    ],
    "1892::BALERMA": [
        -2.8870654,
        36.7314101
    ],
    "1891::EJIDO (EL)": [
        -2.8124886,
        36.7743863
    ],
    "1893::BALERMA": [
        -2.8870654,
        36.7314101
    ],
    "1853::SANTA BRÍGIDA": [
        -15.4974676,
        28.035684
    ],
    "1894::GUARDIAS VIEJAS": [
        -2.8418645,
        36.7008594
    ],
    "1895::SANTA MARÍA DEL ÁGUILA": [
        -2.7736816,
        36.780645
    ],
    "1892::MATAGORDA": [
        -2.8416804,
        36.7240776
    ],
    "1896::VILLANUEVA DE CÓRDOBA": [
        -4.6279655,
        38.3230235
    ],
    "1893::CANALILLO (EL)": [
        -3.7151827,
        40.4532639
    ],
    "1853::SATAUTEJO": [
        -15.4944186,
        28.0363049
    ],
    "1894::PARAÍSO AL MAR": [
        -2.853241,
        36.7051871
    ],
    "1897::ALFARP": [
        -0.5605178,
        39.2767738
    ],
    "1892::PARAÍSO AL MAR": [
        -2.853241,
        36.7051871
    ],
    "1898::CATADAU": [
        -0.5710963,
        39.2748065
    ],
    "1853::VEROLES (LOS)": [
        -15.4841257,
        28.0358756
    ],
    "1899::LLOMBAI": [
        -0.5731796,
        39.2816214
    ],
    "1902::NAVALÓN": [
        -2.292378,
        40.1226528
    ],
    "1903::SIETE AGUAS": [
        -0.9156646,
        39.4715188
    ],
    "1898::46093000199*DISEMINADO*": [
        0.0,
        0.0
    ],
    "1906::COLINAS VENTA CABRERA DERECHA": [
        -0.5776023,
        39.3709463
    ],
    "1905::MONTROI/MONTROY": [
        -0.6138111,
        39.3406742
    ],
    "1907::PLATJA": [
        -0.1705712,
        39.0105836
    ],
    "1909::BELLREGUARD PLATJA": [
        -0.1286991,
        38.9632804
    ],
    "1906::COLINAS VENTA CABRERA IZQUIERDA": [
        -0.5755074,
        39.3684251
    ],
    "1906::COLÒNIA CANYADA DEL PRIMAL": [
        -0.5931115,
        39.3800727
    ],
    "1911::RÁFOL DE SALEM": [
        -0.3972952,
        38.8659425
    ],
    "1906::COLÒNIA MOTOR DEL VICARI": [
        -0.5977986,
        39.3783211
    ],
    "1913::CONCUD": [
        -1.1469651,
        40.3801679
    ],
    "1912::CAUDÉ": [
        -1.1928832,
        40.4109199
    ],
    "1906::FLARE (EL)": [
        -0.6089053,
        39.3737021
    ],