{
    "8::CALA EN PORTER": [
        4.1351281,
        39.8686909
    ],
    "4::ALAIOR": [
        4.1397673,
        39.9337077
    ],
    "7::SERPENTONA": [
        3.9601207,
        39.9415281
    ],
    "13::CASTELL (ES)": [
        2.9317504,
        39.1525265
    ],
    "14::MAÓ": [
        4.2662071,
        39.8894922
    ],
    "6::ARGENTINA (LA)": [
        -58.4911535,
        -34.6891312
    ],
    "15::MAÓ": [
        4.2662071,
        39.8894922
    ],
    "18::MAÓ": [
        4.2662071,
        39.8894922
    ],
    "20::BENIDORM": [
        -0.1290929,
        38.5406255
    ],
    "23::SANTANYÍ": [
        3.1294799,
        39.3543115
    ],
    "25::SALINES (SES)": [
        3.054137,
        39.3391978
    ],
    "26::COLÒNIA DE SANT JORDI": [
        2.9924466,
        39.3183566
    ],
    "21::ALMAFRA": [
        -0.1046425,
        38.5601064
    ],
    "21::BENIDORM": [
        -0.1290929,
        38.5406255
    ],
    "24::MURO": [
        3.0567069,
        39.7370637
    ],
    "35::CONESAS (LOS)": [
        -1.0748981,
        37.719363
    ],
    "37::BARQUEROS": [
        -1.3695758,
        37.9404921
    ],
    "21::COBLANCA": [
        -0.1318586,
        38.5662121
    ],
    "35::GARCÍAS (LOS)": [
        -1.0304168,
        37.6082268
    ],
    "40::BENZÚ": [
        -5.3730766,
        35.9160806
    ],
    "37::30030000399*DISEMINADO*": [
        0.0,
        0.0
    ],
    "41::CA'N PICAFORT": [
        3.0268829,
        39.771272
    ],
    "35::GRANJA (LA)": [
        -5.9946107,
        40.2393229
    ],
    "42::CÀLIG": [
        0.3548686,
        40.4619719
    ],
    "43::BENICARLÓ": [
        0.4229813,
        40.4180244
    ],
    "44::BEGUES": [
        1.925468,
        41.3328119
    ],
    "45::CASTELLDEFELS": [
        1.9824173,
        41.2861022
    ],
    "48::SANT CLIMENT DE LLOBREGAT": [
        1.9970575,
        41.3366993
    ],
    "46::GAVÀ": [
        2.0063126,
        41.3050933
    ],
    "47::SANT BOI DE LLOBREGAT": [
        2.0413673,
        41.3459033
    ],
    "35::LOBOSILLO": [
        -1.0826551,
        37.7294948
    ],
    "49::SANTA COLOMA CERVELLÓ - CASC ANTIC": [
        2.0162618,
        41.3688698
    ],
    "35::ROMERAS (LOS)": [
        -1.0768309,
        37.7230727
    ],
    "35::URREAS (LOS)": [
        -1.0857996,
        37.7363004
    ],
    "35::VIDALES (LOS)": [
        -1.0828302,
        37.7172028
    ],
    "35::30030000899*DISEMINADO*": [
        0.0,
        0.0
    ]
}